{"cameraMode":{"drawMode":0,"name":"Shaded","section":"Shading Mode"},"sceneLighting":false,"audioPlay":false,"sceneViewState":{"m_AlwaysRefresh":false,"showFog":true,"showSkybox":false,"showFlares":true,"showImageEffects":true,"showParticleSystems":true,"showVisualEffectGraphs":true,"m_FxEnabled":true},"in2DMode":false,"pivot":{"x":-0.8566140532493591,"y":0.812100887298584,"z":-1.6805086135864258},"rotation":{"x":0.08219536393880844,"y":-0.7686644792556763,"z":0.10088394582271576,"w":0.6262850165367127},"size":3.3168907165527345,"orthographic":false}