{"cameraMode":{"drawMode":0,"name":"Shaded","section":"Shading Mode"},"sceneLighting":true,"audioPlay":false,"sceneViewState":{"m_AlwaysRefresh":false,"showFog":true,"showSkybox":true,"showFlares":true,"showImageEffects":true,"showParticleSystems":true,"showVisualEffectGraphs":true,"m_FxEnabled":true},"in2DMode":false,"pivot":{"x":5.739192962646484,"y":11.55339527130127,"z":-15.917288780212403},"rotation":{"x":0.28341227769851687,"y":0.017260806635022165,"z":-0.005101962015032768,"w":0.9588296413421631},"size":-6.458063125610352,"orthographic":false}