{"cameraMode":{"drawMode":0,"name":"Shaded","section":"Shading Mode"},"sceneLighting":true,"audioPlay":false,"sceneViewState":{"m_AlwaysRefresh":false,"showFog":true,"showSkybox":true,"showFlares":true,"showImageEffects":true,"showParticleSystems":true,"showVisualEffectGraphs":true,"m_FxEnabled":true},"in2DMode":false,"pivot":{"x":11.918834686279297,"y":2.26200008392334,"z":-22.16242218017578},"rotation":{"x":0.28341227769851687,"y":0.017260806635022165,"z":-0.005101962015032768,"w":0.9588296413421631},"size":12.12435531616211,"orthographic":false}