{"cameraMode":{"drawMode":0,"name":"Shaded","section":"Shading Mode"},"sceneLighting":true,"audioPlay":false,"sceneViewState":{"m_AlwaysRefresh":false,"showFog":true,"showSkybox":true,"showFlares":true,"showImageEffects":true,"showParticleSystems":true,"showVisualEffectGraphs":true,"m_FxEnabled":true},"in2DMode":false,"pivot":{"x":-5.522941589355469,"y":0.4205360412597656,"z":5.044144630432129},"rotation":{"x":0.08219536393880844,"y":-0.7686644792556763,"z":0.10088394582271576,"w":0.6262850165367127},"size":28.022855758666993,"orthographic":false}