{"cameraMode":{"drawMode":0,"name":"Shaded","section":"Shading Mode"},"sceneLighting":true,"audioPlay":false,"sceneViewState":{"m_AlwaysRefresh":false,"showFog":true,"showSkybox":true,"showFlares":true,"showImageEffects":true,"showParticleSystems":true,"showVisualEffectGraphs":true,"m_FxEnabled":true},"in2DMode":false,"pivot":{"x":1.1602426767349244,"y":-9.237675666809082,"z":-10.707365989685059},"rotation":{"x":-0.01678941212594509,"y":0.9558182954788208,"z":-0.28815513849258425,"w":-0.05569061264395714},"size":20.639968872070314,"orthographic":false}