{"cameraMode":{"drawMode":0,"name":"Shaded","section":"Shading Mode"},"sceneLighting":true,"audioPlay":false,"sceneViewState":{"m_AlwaysRefresh":false,"showFog":true,"showSkybox":true,"showFlares":true,"showImageEffects":true,"showParticleSystems":true,"showVisualEffectGraphs":true,"m_FxEnabled":true},"in2DMode":false,"pivot":{"x":282.5670471191406,"y":396.0188293457031,"z":222.1572265625},"rotation":{"x":-0.015600583516061306,"y":-0.008998990058898926,"z":-0.00014006035053171217,"w":0.9998427629470825},"size":480.15301513671877,"orthographic":false}