{"cameraMode":{"drawMode":0,"name":"Shaded","section":"Shading Mode"},"sceneLighting":true,"audioPlay":false,"sceneViewState":{"m_AlwaysRefresh":false,"showFog":true,"showSkybox":true,"showFlares":true,"showImageEffects":true,"showParticleSystems":true,"showVisualEffectGraphs":true,"m_FxEnabled":true},"in2DMode":false,"pivot":{"x":9.779082298278809,"y":1.2994790077209473,"z":-14.553829193115235},"rotation":{"x":-0.09483961015939713,"y":0.9023339152336121,"z":-0.25733035802841189,"w":-0.33254966139793398},"size":5.6413679122924809,"orthographic":false}